Price,Close,High,Low,Open,Volume
Ticker,BTC-USD,BTC-USD,BTC-USD,BTC-USD,BTC-USD
Datetime,,,,,
2026-03-01 00:00:00+00:00,67039.0546875,67039.0546875,66992.4921875,66997.25,0
2026-03-01 00:05:00+00:00,66931.921875,67036.2734375,66931.921875,67036.2734375,18370560
2026-03-01 00:10:00+00:00,66856.8203125,66881.1796875,66842.3828125,66842.3828125,0
2026-03-01 00:15:00+00:00,66919.3359375,66923.8359375,66897.296875,66897.296875,0
2026-03-01 00:20:00+00:00,67021.0859375,67021.0859375,66867.0859375,66867.0859375,497995776
2026-03-01 00:25:00+00:00,66842.6953125,66964.9296875,66842.6953125,66964.9296875,0
2026-03-01 00:30:00+00:00,66732.0390625,66834.296875,66732.0390625,66796.265625,0
2026-03-01 00:35:00+00:00,66804.09375,66804.09375,66745.03125,66745.03125,195239936
2026-03-01 00:40:00+00:00,66667.78125,66763.7421875,66663.9296875,66754.796875,146391040
2026-03-01 00:45:00+00:00,66696.0625,66717.5859375,66663.75,66663.75,115449856
2026-03-01 00:50:00+00:00,66820.0859375,66820.0859375,66707.296875,66707.296875,81186816
2026-03-01 00:55:00+00:00,66821.7734375,66869.171875,66821.7734375,66869.171875,0
2026-03-01 01:00:00+00:00,66687.0703125,66758.3359375,66664.53125,66680.6640625,207695872
2026-03-01 01:05:00+00:00,66630.8046875,66662.453125,66623.828125,66662.453125,0
2026-03-01 01:10:00+00:00,66301.84375,66529.0390625,66237.0390625,66482.1328125,208224256
2026-03-01 01:15:00+00:00,66148.6328125,66311.625,66115.8828125,66311.625,1901535232
2026-03-01 01:20:00+00:00,66365.296875,66386.0078125,66301.9140625,66301.9140625,74182656
2026-03-01 01:25:00+00:00,66348.6796875,66460.15625,66348.6796875,66460.15625,248958976
2026-03-01 01:30:00+00:00,66524.3359375,66524.3359375,66332.7578125,66361.1796875,11100160
2026-03-01 01:35:00+00:00,66647.3671875,66647.3671875,66561.4765625,66561.4765625,88723456
2026-03-01 01:40:00+00:00,66683.4140625,66719.0703125,66664.3828125,66664.3828125,8523776
2026-03-01 01:45:00+00:00,67060.0703125,67060.0703125,66639.1015625,66639.1015625,264658944
2026-03-01 01:50:00+00:00,67484.5546875,67577.9375,67222.625,67222.625,351866880
2026-03-01 01:55:00+00:00,67271.4453125,67373.0703125,67271.4453125,67373.0703125,569520128
2026-03-01 02:00:00+00:00,68143.15625,68143.15625,67334.71875,67334.71875,0
2026-03-01 02:05:00+00:00,67937.4921875,68072.328125,67937.4921875,68016.03125,741810176
2026-03-01 02:10:00+00:00,67917.1328125,67956.984375,67798.8125,67800.953125,397373440
2026-03-01 02:15:00+00:00,67815.4921875,67974.09375,67777.625,67974.09375,181821440
2026-03-01 02:20:00+00:00,67720.0546875,67788.6484375,67720.0546875,67788.6484375,42971136
2026-03-01 02:25:00+00:00,67787.4296875,67787.4296875,67686.546875,67693.1640625,35647488
2026-03-01 02:30:00+00:00,67772.4453125,67791.8828125,67714.296875,67786.796875,650391552
2026-03-01 02:35:00+00:00,67844.7734375,67919.5703125,67844.7734375,67854.1171875,0
2026-03-01 02:40:00+00:00,68053.8671875,68053.8671875,67820.453125,67834.6640625,89989120
2026-03-01 02:45:00+00:00,68120.0703125,68134.0078125,68088.3359375,68088.3359375,123453440
2026-03-01 02:50:00+00:00,67773.421875,67845.21875,67758.6953125,67765.90625,234237952
2026-03-01 02:55:00+00:00,67667.5390625,67734.96875,67666.421875,67734.96875,431108096
2026-03-01 03:00:00+00:00,67676.484375,67676.484375,67646.7890625,67647.1015625,28667904
2026-03-01 03:05:00+00:00,67673.4140625,67673.4140625,67641.3203125,67670.921875,69820416
2026-03-01 03:10:00+00:00,67744.2109375,67805.3046875,67744.2109375,67757.7890625,0
2026-03-01 03:15:00+00:00,67734.1875,67741.1015625,67677.625,67719.453125,217513984
2026-03-01 03:20:00+00:00,67435.140625,67694.0390625,67435.140625,67694.0390625,666824704
2026-03-01 03:25:00+00:00,67590.1171875,67590.1171875,67443.3125,67443.3125,62324736
2026-03-01 03:30:00+00:00,67504.5234375,67568.4296875,67482.90625,67568.4296875,0
2026-03-01 03:35:00+00:00,67541.9609375,67567.8671875,67497.2734375,67497.2734375,0
2026-03-01 03:40:00+00:00,67602.953125,67602.953125,67526.7109375,67528.921875,237387776
2026-03-01 03:45:00+00:00,67562.984375,67665.6484375,67562.984375,67633.2265625,41762816
2026-03-01 03:50:00+00:00,67654.609375,67661.859375,67604.6640625,67661.859375,60964864
2026-03-01 03:55:00+00:00,67487.265625,67540.640625,67487.265625,67523.9921875,0
2026-03-01 04:00:00+00:00,67570.4765625,67592.6796875,67570.4765625,67574.7109375,917925888
2026-03-01 04:05:00+00:00,67400.59375,67546.0390625,67400.59375,67546.0390625,94412800
2026-03-01 04:10:00+00:00,67387.046875,67394.5390625,67369.3828125,67393.3515625,19304448
2026-03-01 04:15:00+00:00,67115.171875,67314.0078125,67103.2421875,67314.0078125,221048832
2026-03-01 04:20:00+00:00,67272.3671875,67272.3671875,67192.0703125,67192.0703125,0
2026-03-01 04:25:00+00:00,67339.4375,67339.4375,67225.25,67262.6875,0
2026-03-01 04:30:00+00:00,67292.2421875,67330.9609375,67282.5078125,67330.9609375,680329216
2026-03-01 04:35:00+00:00,67376.2265625,67407.8828125,67332.78125,67332.78125,0
2026-03-01 04:40:00+00:00,67427.765625,67427.765625,67399.8046875,67399.8046875,96428032
2026-03-01 04:45:00+00:00,67405.0234375,67415.734375,67402.796875,67415.734375,188350464
2026-03-01 04:50:00+00:00,67349.328125,67375.2734375,67333.0625,67370.671875,0
2026-03-01 04:55:00+00:00,67314.8828125,67371.21875,67314.8828125,67371.21875,32894976
2026-03-01 05:00:00+00:00,67372.8359375,67372.8359375,67341.25,67341.25,592183296
2026-03-01 05:05:00+00:00,67249.890625,67429.734375,67239.46875,67429.734375,0
2026-03-01 05:10:00+00:00,67410.6875,67431.8359375,67314.3828125,67314.3828125,0
2026-03-01 05:15:00+00:00,67361.6171875,67383.703125,67342.6796875,67342.6796875,225386496
2026-03-01 05:20:00+00:00,67512.4140625,67546.90625,67409.7734375,67409.7734375,85938176
2026-03-01 05:25:00+00:00,67464.046875,67510.953125,67464.046875,67510.953125,0
2026-03-01 05:30:00+00:00,67510.46875,67510.609375,67455.3515625,67455.3515625,939810816
2026-03-01 05:35:00+00:00,67486.953125,67547.921875,67486.953125,67520.5390625,7868416
2026-03-01 05:40:00+00:00,67458.59375,67511.9453125,67458.59375,67511.9453125,0
2026-03-01 05:45:00+00:00,67397.3203125,67417.25,67361.765625,67397.984375,0
2026-03-01 05:50:00+00:00,67349.1796875,67413.71875,67349.1796875,67405.828125,11272192
2026-03-01 05:55:00+00:00,67322.9296875,67322.9296875,67311.234375,67315.1875,18677760
2026-03-01 06:00:00+00:00,67321.8828125,67322.359375,67306.3515625,67311.671875,0
2026-03-01 06:05:00+00:00,67099.1875,67200.90625,67099.1875,67182.28125,27197440
2026-03-01 06:10:00+00:00,67064.0078125,67112.109375,66991.46875,67112.109375,0
2026-03-01 06:15:00+00:00,67038.625,67117.734375,67038.625,67092.71875,743006208
2026-03-01 06:20:00+00:00,67056.921875,67056.921875,66998.4765625,66998.4765625,0
2026-03-01 06:25:00+00:00,67141.5390625,67141.5390625,67089.703125,67094.21875,0
2026-03-01 06:30:00+00:00,66921.6875,67071.7421875,66921.6875,67056.09375,0
2026-03-01 06:35:00+00:00,66880.4609375,66928.640625,66877.453125,66920.609375,0
2026-03-01 06:40:00+00:00,66833.4140625,66936.8515625,66833.4140625,66933.171875,0
2026-03-01 06:45:00+00:00,66842.2890625,66927.7734375,66842.2890625,66927.7734375,0
2026-03-01 06:50:00+00:00,66924.0625,66924.0625,66864.8125,66864.8125,0
2026-03-01 06:55:00+00:00,66941.3515625,66953.0625,66933.640625,66933.640625,0
2026-03-01 07:00:00+00:00,66869.6953125,66935.0703125,66869.6953125,66935.0703125,0
2026-03-01 07:05:00+00:00,66818.5703125,66833.9375,66793.0625,66833.9375,0
2026-03-01 07:10:00+00:00,67026.78125,67038.2734375,66862.3359375,66862.3359375,0
2026-03-01 07:15:00+00:00,67002.109375,67033.515625,66998.6328125,67033.515625,0
2026-03-01 07:20:00+00:00,67055.03125,67081.078125,67004.640625,67004.640625,0
2026-03-01 07:25:00+00:00,66990.71875,67026.046875,66982.2109375,67026.046875,0
2026-03-01 07:30:00+00:00,66957.6015625,66988.3984375,66926.5625,66988.3984375,0
2026-03-01 07:35:00+00:00,67174.3828125,67193.859375,67086.5,67086.5,0
2026-03-01 07:40:00+00:00,67105.515625,67206.7734375,67105.515625,67182.71875,282161152
2026-03-01 07:45:00+00:00,67120.46875,67140.078125,67120.46875,67140.078125,0
2026-03-01 07:50:00+00:00,67143.4140625,67161.890625,67103.0859375,67103.0859375,0
2026-03-01 07:55:00+00:00,67120.640625,67131.28125,67114.4140625,67114.4140625,0
2026-03-01 08:00:00+00:00,67066.53125,67146.2578125,67066.53125,67143.484375,429420544
2026-03-01 08:05:00+00:00,67112.328125,67112.328125,66935.078125,66966.6796875,0
2026-03-01 08:10:00+00:00,67259.2421875,67259.2421875,67123.2734375,67123.2734375,0
2026-03-01 08:15:00+00:00,67253.546875,67262.1171875,67214.0546875,67262.1171875,0
2026-03-01 08:20:00+00:00,67245.8984375,67245.8984375,67146.8359375,67146.8359375,43143168
2026-03-01 08:25:00+00:00,67279.4765625,67279.4765625,67266.609375,67266.609375,0
2026-03-01 08:30:00+00:00,67182.9453125,67234.2890625,67182.9453125,67227.203125,0
2026-03-01 08:35:00+00:00,67176.4609375,67176.4609375,67166.90625,67166.90625,0
2026-03-01 08:40:00+00:00,67181.984375,67238.8359375,67181.984375,67222.3515625,90824704
2026-03-01 08:45:00+00:00,67046.546875,67163.46875,67046.546875,67163.46875,0
2026-03-01 08:50:00+00:00,66581.9453125,67002.859375,66581.9453125,67002.859375,0
2026-03-01 08:55:00+00:00,66539.4453125,66591.8671875,66528.609375,66533.7421875,401223680
2026-03-01 09:00:00+00:00,66673.7109375,66673.7109375,66489.3828125,66554.5234375,95477760
2026-03-01 09:05:00+00:00,66594.4765625,66644.109375,66561.4296875,66644.109375,280211456
2026-03-01 09:10:00+00:00,66610.65625,66622.015625,66589.7421875,66619.59375,0
2026-03-01 09:15:00+00:00,66715.9375,66715.9375,66578.828125,66578.828125,0
2026-03-01 09:20:00+00:00,66724.671875,66724.671875,66698.3984375,66710.90625,21024768
2026-03-01 09:25:00+00:00,66614.640625,66661.4296875,66570.0078125,66661.4296875,0
2026-03-01 09:30:00+00:00,66481.375,66629.5390625,66481.375,66629.5390625,61067264
2026-03-01 09:35:00+00:00,66452.7734375,66466.9921875,66452.7734375,66454.71875,8151040
2026-03-01 09:40:00+00:00,66322.1015625,66356.890625,66322.1015625,66346.7421875,0
2026-03-01 09:45:00+00:00,66318.3828125,66333.03125,66305.125,66308.765625,182169600
2026-03-01 09:50:00+00:00,66417.046875,66417.046875,66356.6015625,66356.6015625,0
2026-03-01 09:55:00+00:00,66373.390625,66417.140625,66373.390625,66378.359375,612032512
2026-03-01 10:00:00+00:00,66305.765625,66458.4609375,66305.765625,66458.4609375,0
2026-03-01 10:05:00+00:00,66404.8984375,66404.8984375,66299.078125,66372.421875,468811776
2026-03-01 10:10:00+00:00,66516.8828125,66516.8828125,66404.53125,66404.53125,48037888
2026-03-01 10:15:00+00:00,66463.2734375,66527.875,66463.2734375,66527.875,0
2026-03-01 10:20:00+00:00,66506.125,66506.125,66462.6015625,66475.46875,0
2026-03-01 10:25:00+00:00,66575.140625,66594.15625,66530.0859375,66530.0859375,0
2026-03-01 10:30:00+00:00,66547.71875,66605.9375,66547.71875,66580.265625,0
2026-03-01 10:35:00+00:00,66686.8828125,66727.0,66571.9453125,66571.9453125,0
2026-03-01 10:40:00+00:00,66510.5078125,66510.5078125,66472.140625,66507.1953125,29675520
2026-03-01 10:45:00+00:00,66522.203125,66522.203125,66400.2265625,66400.2265625,0
2026-03-01 10:50:00+00:00,66476.9296875,66499.2734375,66428.0703125,66498.8671875,0
2026-03-01 10:55:00+00:00,66472.515625,66490.90625,66472.515625,66481.640625,613920768
2026-03-01 11:00:00+00:00,66453.8515625,66491.125,66453.8515625,66491.125,0
2026-03-01 11:05:00+00:00,66503.5078125,66518.875,66469.796875,66469.796875,0
2026-03-01 11:10:00+00:00,66504.796875,66516.6015625,66501.5078125,66501.5078125,0
2026-03-01 11:15:00+00:00,66600.6875,66612.9375,66512.5703125,66512.5703125,0
2026-03-01 11:20:00+00:00,66548.7734375,66631.5546875,66548.7734375,66602.6640625,0
2026-03-01 11:25:00+00:00,66571.015625,66591.203125,66557.796875,66557.796875,0
2026-03-01 11:30:00+00:00,66534.4765625,66568.15625,66534.4765625,66560.984375,0
2026-03-01 11:35:00+00:00,66475.15625,66498.3125,66461.1875,66461.1875,0
2026-03-01 11:40:00+00:00,66495.484375,66530.9765625,66472.078125,66472.078125,6750208
2026-03-01 11:45:00+00:00,66442.90625,66489.484375,66401.1875,66465.265625,0
2026-03-01 11:50:00+00:00,66472.75,66472.75,66438.015625,66438.015625,14180352
2026-03-01 11:55:00+00:00,66468.6328125,66486.234375,66462.8203125,66486.234375,354488320
2026-03-01 12:00:00+00:00,66524.0625,66524.0625,66467.8359375,66467.8359375,0
2026-03-01 12:05:00+00:00,66520.4140625,66520.4140625,66449.7578125,66502.1875,0
2026-03-01 12:10:00+00:00,66513.8046875,66537.9609375,66509.96875,66536.6953125,0
2026-03-01 12:15:00+00:00,66528.8671875,66528.8671875,66507.0390625,66507.6015625,0
2026-03-01 12:20:00+00:00,66445.578125,66534.359375,66445.578125,66534.359375,0
2026-03-01 12:25:00+00:00,66438.3515625,66481.0703125,66438.3515625,66460.6015625,0
2026-03-01 12:30:00+00:00,66375.859375,66446.03125,66375.859375,66421.90625,0
2026-03-01 12:35:00+00:00,66326.5234375,66326.5234375,66254.0859375,66300.765625,0
2026-03-01 12:40:00+00:00,66509.0390625,66509.0390625,66354.3828125,66354.3828125,0
2026-03-01 12:45:00+00:00,66368.640625,66487.3671875,66368.640625,66487.3671875,123359232
2026-03-01 12:50:00+00:00,66325.9609375,66344.3359375,66325.9609375,66344.3359375,0
2026-03-01 12:55:00+00:00,66342.71875,66358.9375,66341.6484375,66349.0390625,0
2026-03-01 13:00:00+00:00,66347.8203125,66353.9296875,66313.9296875,66313.9296875,0
2026-03-01 13:05:00+00:00,66388.25,66388.25,66360.015625,66363.0390625,0
2026-03-01 13:10:00+00:00,66369.4375,66370.78125,66335.3984375,66338.65625,42999808
2026-03-01 13:15:00+00:00,66393.6640625,66393.6640625,66354.734375,66359.9375,0
2026-03-01 13:20:00+00:00,66229.3125,66229.3125,66168.3359375,66172.859375,0
2026-03-01 13:25:00+00:00,66332.1015625,66369.3984375,66250.7421875,66250.7421875,0
2026-03-01 13:30:00+00:00,66316.1640625,66325.515625,66283.71875,66325.515625,12357632
2026-03-01 13:35:00+00:00,66314.515625,66320.40625,66312.5390625,66312.5390625,150528000
2026-03-01 13:40:00+00:00,66364.5546875,66364.5546875,66356.75,66356.75,0
2026-03-01 13:45:00+00:00,66359.875,66393.4296875,66359.0390625,66359.0390625,0
2026-03-01 13:50:00+00:00,67175.6640625,67175.6640625,66377.9140625,66377.9140625,0
2026-03-01 13:55:00+00:00,66990.5078125,67158.0625,66990.5078125,67158.0625,0
2026-03-01 14:00:00+00:00,66883.21875,67073.5390625,66883.21875,66947.65625,469164032
2026-03-01 14:05:00+00:00,67137.015625,67292.4140625,67137.015625,67152.3828125,69165056
2026-03-01 14:10:00+00:00,67141.3515625,67141.3515625,67071.65625,67071.65625,0
2026-03-01 14:15:00+00:00,67076.2109375,67076.2109375,67024.5078125,67024.5078125,72413184
2026-03-01 14:20:00+00:00,66803.53125,66982.0078125,66803.53125,66982.0078125,0
2026-03-01 14:25:00+00:00,66939.7734375,66945.296875,66897.390625,66897.390625,0
2026-03-01 14:30:00+00:00,66979.1328125,66979.1328125,66880.2421875,66915.96875,61579264
2026-03-01 14:35:00+00:00,66897.5859375,66989.8359375,66897.5859375,66989.8359375,85716992
2026-03-01 14:40:00+00:00,66820.546875,66931.2890625,66790.4296875,66911.015625,0
2026-03-01 14:45:00+00:00,66933.5859375,66933.5859375,66831.515625,66831.515625,0
2026-03-01 14:50:00+00:00,66821.609375,66940.6484375,66799.453125,66940.6484375,91279360
2026-03-01 14:55:00+00:00,66875.765625,66875.765625,66851.2578125,66856.765625,0
2026-03-01 15:00:00+00:00,66972.484375,66972.484375,66852.8203125,66852.8203125,0
2026-03-01 15:05:00+00:00,66918.78125,66965.1484375,66918.78125,66965.1484375,0
2026-03-01 15:10:00+00:00,67048.9765625,67048.9765625,66965.1328125,66981.875,165568512
2026-03-01 15:15:00+00:00,67189.6640625,67221.40625,67088.265625,67088.265625,0
2026-03-01 15:20:00+00:00,67039.3828125,67150.6875,67039.3828125,67150.6875,57495552
2026-03-01 15:25:00+00:00,67176.78125,67176.78125,67055.6328125,67055.6328125,0
2026-03-01 15:30:00+00:00,67146.8203125,67146.8203125,67103.5078125,67134.2578125,9617408
2026-03-01 15:35:00+00:00,67123.265625,67206.5703125,67123.265625,67181.53125,0
2026-03-01 15:40:00+00:00,67178.9296875,67206.96875,67170.953125,67206.96875,0
2026-03-01 15:45:00+00:00,67203.015625,67203.015625,67184.4140625,67202.890625,534413312
2026-03-01 15:50:00+00:00,67215.7109375,67234.2578125,67185.0625,67185.0625,0
2026-03-01 15:55:00+00:00,66880.40625,67115.15625,66880.40625,67115.15625,0
2026-03-01 16:00:00+00:00,66984.4375,66984.4375,66834.2734375,66834.2734375,140918784
2026-03-01 16:05:00+00:00,66881.3515625,66948.1484375,66881.3515625,66948.1484375,108187648
2026-03-01 16:10:00+00:00,67006.09375,67006.09375,66954.921875,66954.921875,99926016
2026-03-01 16:15:00+00:00,67009.3984375,67019.1875,66945.6015625,66957.765625,0
2026-03-01 16:20:00+00:00,66858.1328125,66986.7578125,66853.8671875,66986.7578125,59772928
2026-03-01 16:25:00+00:00,67055.5859375,67071.46875,66919.2265625,66919.2265625,93548544
2026-03-01 16:30:00+00:00,67025.4609375,67040.515625,66982.5546875,67040.515625,41275392
2026-03-01 16:35:00+00:00,67033.2578125,67050.890625,67019.0,67019.0,21200896
2026-03-01 16:40:00+00:00,66898.1875,67013.2109375,66898.1875,67013.2109375,0
2026-03-01 16:45:00+00:00,66304.8359375,66759.9296875,66304.8359375,66759.9296875,0
2026-03-01 16:50:00+00:00,66106.0859375,66106.0859375,66030.953125,66102.15625,324104192
2026-03-01 16:55:00+00:00,66168.8828125,66180.40625,66114.8203125,66114.8203125,426897408
2026-03-01 17:00:00+00:00,66162.0234375,66168.1875,66132.6171875,66168.1875,67686400
2026-03-01 17:05:00+00:00,66149.4609375,66203.21875,66125.4140625,66125.4140625,188825600
2026-03-01 17:10:00+00:00,66109.0546875,66208.25,66109.0546875,66180.359375,0
2026-03-01 17:15:00+00:00,65762.59375,66123.7265625,65762.59375,66123.7265625,217862144
2026-03-01 17:20:00+00:00,65918.6875,65918.6875,65838.28125,65847.2421875,0
2026-03-01 17:25:00+00:00,66004.0390625,66040.0390625,66004.0390625,66040.0390625,0
2026-03-01 17:30:00+00:00,66029.5078125,66038.796875,65949.8828125,66003.234375,200228864
2026-03-01 17:35:00+00:00,66070.0234375,66087.5546875,66062.484375,66062.484375,39452672
2026-03-01 17:40:00+00:00,66064.578125,66096.7421875,66040.7578125,66040.7578125,0
2026-03-01 17:45:00+00:00,66085.3359375,66085.3359375,65967.453125,66039.1328125,127926272
2026-03-01 17:50:00+00:00,66095.6171875,66104.9375,66027.484375,66047.7890625,6729728
2026-03-01 17:55:00+00:00,66061.0078125,66090.71875,65992.859375,66062.2578125,52793344
2026-03-01 18:00:00+00:00,66222.5546875,66222.5546875,66000.0078125,66000.0078125,0
2026-03-01 18:05:00+00:00,66540.5703125,66540.5703125,66409.09375,66409.09375,22405120
2026-03-01 18:10:00+00:00,66427.34375,66495.3125,66427.34375,66495.3125,66240512
2026-03-01 18:15:00+00:00,66509.7734375,66602.0078125,66487.359375,66487.359375,291352576
2026-03-01 18:20:00+00:00,66415.765625,66424.2265625,66415.765625,66424.2265625,73007104
2026-03-01 18:25:00+00:00,66410.015625,66410.015625,66392.96875,66396.15625,26447872
2026-03-01 18:30:00+00:00,66319.65625,66420.2421875,66274.484375,66420.2421875,0
2026-03-01 18:35:00+00:00,66397.7109375,66425.3828125,66397.7109375,66425.3828125,0
2026-03-01 18:40:00+00:00,66402.7421875,66425.203125,66380.0,66380.0,544260096
2026-03-01 18:45:00+00:00,66401.1875,66401.1875,66374.65625,66374.65625,0
2026-03-01 18:50:00+00:00,66357.703125,66381.3671875,66357.703125,66376.0859375,0
2026-03-01 18:55:00+00:00,66302.34375,66310.359375,66297.5,66297.5,0
2026-03-01 19:00:00+00:00,66316.9609375,66342.96875,66313.4453125,66313.4453125,0
2026-03-01 19:05:00+00:00,66217.1015625,66303.3203125,66217.1015625,66302.421875,0
2026-03-01 19:10:00+00:00,66182.578125,66309.8515625,66182.578125,66309.8515625,0
2026-03-01 19:15:00+00:00,65995.21875,66046.4453125,65989.3984375,66046.4453125,0
2026-03-01 19:20:00+00:00,66017.5234375,66067.484375,66017.5234375,66035.9296875,0
2026-03-01 19:25:00+00:00,66025.1796875,66025.1796875,65978.2265625,66012.578125,0
2026-03-01 19:30:00+00:00,66022.640625,66055.6796875,65982.578125,66016.7734375,131940352
2026-03-01 19:35:00+00:00,66023.6640625,66044.8046875,66010.671875,66010.671875,0
2026-03-01 19:40:00+00:00,65920.7734375,66034.359375,65920.7734375,66030.515625,0
2026-03-01 19:45:00+00:00,65934.3125,65934.3125,65811.1875,65811.1875,0
2026-03-01 19:50:00+00:00,65873.9921875,65882.859375,65848.3125,65860.015625,0
2026-03-01 19:55:00+00:00,65957.3046875,65963.5390625,65873.9921875,65873.9921875,0
2026-03-01 20:00:00+00:00,65884.7109375,65962.25,65884.7109375,65962.25,59891712
2026-03-01 20:05:00+00:00,65794.21875,65951.0390625,65794.21875,65919.390625,0
2026-03-01 20:10:00+00:00,65459.47265625,65600.03125,65459.47265625,65600.03125,104747008
2026-03-01 20:15:00+00:00,65494.79296875,65545.2421875,65461.78515625,65483.59375,105234432
2026-03-01 20:20:00+00:00,65429.90234375,65522.6171875,65425.34765625,65522.6171875,0
2026-03-01 20:25:00+00:00,65401.265625,65458.37890625,65401.265625,65440.8359375,0
2026-03-01 20:30:00+00:00,65145.8046875,65408.02734375,65145.8046875,65408.02734375,0
2026-03-01 20:35:00+00:00,65276.50390625,65276.50390625,65114.421875,65224.046875,1046175744
2026-03-01 20:40:00+00:00,65184.38671875,65184.38671875,65152.015625,65183.609375,358559744
2026-03-01 20:45:00+00:00,65218.15234375,65291.9609375,65218.15234375,65245.375,0
2026-03-01 20:50:00+00:00,65374.73828125,65386.8828125,65224.84765625,65224.84765625,47054848
2026-03-01 20:55:00+00:00,65328.14453125,65335.39453125,65311.75390625,65327.18359375,0
2026-03-01 21:00:00+00:00,65338.34765625,65364.7890625,65330.88671875,65330.88671875,0
2026-03-01 21:05:00+00:00,65349.35546875,65349.35546875,65329.12109375,65334.921875,0
2026-03-01 21:10:00+00:00,65522.0,65522.0,65347.1171875,65347.1171875,0
2026-03-01 21:15:00+00:00,65505.61328125,65530.78515625,65505.61328125,65530.78515625,42430464
2026-03-01 21:20:00+00:00,65660.734375,65669.546875,65571.734375,65571.734375,0
2026-03-01 21:25:00+00:00,65560.171875,65620.5234375,65506.9921875,65620.5234375,0
2026-03-01 21:30:00+00:00,65619.75,65619.75,65555.078125,65604.796875,377397248
2026-03-01 21:35:00+00:00,65636.453125,65636.453125,65599.359375,65603.390625,0
2026-03-01 21:40:00+00:00,65610.1328125,65686.6796875,65578.0703125,65686.6796875,17510400
2026-03-01 21:45:00+00:00,65610.3515625,65676.359375,65601.640625,65676.359375,0
2026-03-01 21:50:00+00:00,65701.578125,65701.578125,65668.9453125,65672.8515625,0
2026-03-01 21:55:00+00:00,65743.03125,65743.03125,65687.078125,65687.078125,0
2026-03-01 22:00:00+00:00,65713.953125,65715.53125,65692.3515625,65692.3515625,0
2026-03-01 22:05:00+00:00,65623.7265625,65766.78125,65623.7265625,65766.78125,0
2026-03-01 22:10:00+00:00,66327.6328125,66327.6328125,65562.2265625,65562.2265625,107778048
2026-03-01 22:15:00+00:00,66086.34375,66086.34375,66027.8984375,66058.6875,0
2026-03-01 22:20:00+00:00,66084.5234375,66141.4296875,66027.96875,66141.4296875,272920576
2026-03-01 22:25:00+00:00,65839.53125,66121.5,65789.5546875,66121.5,0
2026-03-01 22:30:00+00:00,65768.515625,65898.96875,65752.34375,65877.859375,0
2026-03-01 22:35:00+00:00,65175.421875,65404.16015625,65175.421875,65332.3515625,0
2026-03-01 22:40:00+00:00,65423.41796875,65513.390625,65277.76953125,65277.76953125,71512064
2026-03-01 22:45:00+00:00,65123.96484375,65309.59765625,65123.96484375,65309.59765625,281264128
2026-03-01 22:50:00+00:00,65280.32421875,65280.32421875,65138.08984375,65138.08984375,170225664
2026-03-01 22:55:00+00:00,65249.9296875,65352.94140625,65249.9296875,65352.94140625,169172992
2026-03-01 23:00:00+00:00,65573.734375,65603.625,65230.65625,65230.65625,52068352
2026-03-01 23:05:00+00:00,65785.9375,65855.3203125,65685.9375,65685.9375,0
2026-03-01 23:10:00+00:00,65833.34375,66023.015625,65833.34375,66023.015625,829693952
2026-03-01 23:15:00+00:00,65809.015625,65836.3984375,65805.3515625,65836.3984375,255635456
2026-03-01 23:20:00+00:00,65703.3984375,65833.140625,65703.3984375,65833.140625,0
2026-03-01 23:25:00+00:00,65650.0859375,65760.3125,65650.0859375,65760.3125,133095424
2026-03-01 23:30:00+00:00,65647.796875,65669.90625,65643.8984375,65643.8984375,247787520
2026-03-01 23:35:00+00:00,65825.59375,65825.59375,65640.03125,65640.03125,0
2026-03-01 23:40:00+00:00,65732.046875,65780.390625,65717.4921875,65780.390625,9695232
2026-03-01 23:45:00+00:00,65756.6328125,65756.6328125,65709.3203125,65709.3203125,0
2026-03-01 23:50:00+00:00,65708.75,65840.4921875,65696.296875,65840.4921875,214745088
2026-03-01 23:55:00+00:00,65722.3046875,65722.3046875,65703.0390625,65703.0390625,19853312
2026-03-02 00:00:00+00:00,65902.546875,65902.546875,65758.1015625,65758.1015625,0
2026-03-02 00:05:00+00:00,65968.7265625,65968.7265625,65896.3359375,65910.6171875,67973120
2026-03-02 00:10:00+00:00,66049.046875,66170.28125,65996.421875,65996.421875,0
2026-03-02 00:15:00+00:00,65906.2890625,66013.984375,65849.5078125,66013.984375,52838400
2026-03-02 00:20:00+00:00,65947.5546875,65952.28125,65859.671875,65952.28125,187916288
2026-03-02 00:25:00+00:00,65893.484375,66038.6953125,65893.484375,66022.140625,0
2026-03-02 00:30:00+00:00,66035.3828125,66089.2265625,65957.6796875,65957.6796875,0
2026-03-02 00:35:00+00:00,66140.2421875,66140.2421875,65996.8984375,65996.8984375,200704
2026-03-02 00:40:00+00:00,66246.0546875,66246.0546875,66130.2265625,66145.4921875,15716352
2026-03-02 00:45:00+00:00,66590.9375,66663.734375,66486.8671875,66486.8671875,228495360
2026-03-02 00:50:00+00:00,66571.0859375,66667.203125,66501.203125,66501.203125,0
2026-03-02 00:55:00+00:00,66532.3828125,66557.4375,66526.3671875,66557.4375,731934720
2026-03-02 01:00:00+00:00,66483.1640625,66547.8984375,66483.1640625,66503.2890625,0
2026-03-02 01:05:00+00:00,66544.875,66562.453125,66422.015625,66562.453125,58892288
2026-03-02 01:10:00+00:00,66967.7109375,66998.765625,66755.265625,66755.265625,0
2026-03-02 01:15:00+00:00,66837.3046875,66981.328125,66837.3046875,66918.4140625,25153536
2026-03-02 01:20:00+00:00,66713.3046875,66830.96875,66698.90625,66830.96875,0
2026-03-02 01:25:00+00:00,66631.5234375,66641.8203125,66593.2421875,66634.5,975118336
2026-03-02 01:30:00+00:00,66635.640625,66635.640625,66604.2890625,66604.2890625,0
2026-03-02 01:35:00+00:00,66600.8671875,66615.0625,66544.640625,66600.7890625,481902592
2026-03-02 01:40:00+00:00,66632.578125,66698.8203125,66632.578125,66698.8203125,767553536
2026-03-02 01:45:00+00:00,66585.8984375,66599.5390625,66585.8984375,66599.5390625,0
2026-03-02 01:50:00+00:00,66654.6171875,66654.6171875,66493.5390625,66493.5390625,0
2026-03-02 01:55:00+00:00,66532.8046875,66637.8828125,66532.8046875,66637.8828125,0
2026-03-02 02:00:00+00:00,66503.625,66569.4453125,66503.625,66538.0234375,265453568
2026-03-02 02:05:00+00:00,66217.65625,66583.21875,66193.9296875,66541.5078125,0
2026-03-02 02:10:00+00:00,66065.5859375,66195.890625,65946.2890625,66195.890625,0
2026-03-02 02:15:00+00:00,66149.3671875,66182.6171875,66108.0234375,66108.0234375,0
2026-03-02 02:20:00+00:00,66252.109375,66252.109375,66095.3203125,66095.3203125,73973760
2026-03-02 02:25:00+00:00,66219.5859375,66241.7578125,66218.859375,66241.7578125,0
2026-03-02 02:30:00+00:00,66368.3125,66368.3125,66200.5078125,66215.328125,0
2026-03-02 02:35:00+00:00,66425.625,66425.625,66337.765625,66356.3359375,0
2026-03-02 02:40:00+00:00,66318.2265625,66418.4921875,66318.2265625,66418.4921875,0
2026-03-02 02:45:00+00:00,66381.2890625,66381.2890625,66306.8125,66324.0546875,0
2026-03-02 02:50:00+00:00,66281.6328125,66302.6640625,66256.921875,66271.8671875,0
2026-03-02 02:55:00+00:00,66341.1875,66347.1875,66253.9453125,66253.9453125,0
2026-03-02 03:00:00+00:00,66193.171875,66289.5390625,66193.171875,66289.5390625,0
2026-03-02 03:05:00+00:00,66293.5,66293.5,66164.34375,66164.34375,0
2026-03-02 03:10:00+00:00,66543.515625,66543.515625,66363.5859375,66363.5859375,0
2026-03-02 03:15:00+00:00,66542.7265625,66563.203125,66508.53125,66508.53125,0
2026-03-02 03:20:00+00:00,66725.828125,66725.828125,66617.9140625,66617.9140625,749088768
2026-03-02 03:25:00+00:00,66820.296875,66820.296875,66717.828125,66719.0,17887232
2026-03-02 03:30:00+00:00,66804.5625,66871.640625,66752.765625,66787.84375,137158656
2026-03-02 03:35:00+00:00,66956.546875,66956.546875,66767.03125,66767.03125,32743424
2026-03-02 03:40:00+00:00,66922.453125,66922.453125,66881.9140625,66881.9140625,60559360
2026-03-02 03:45:00+00:00,66921.90625,66921.90625,66898.703125,66898.703125,0
2026-03-02 03:50:00+00:00,66974.6171875,66977.2578125,66900.84375,66900.84375,0
2026-03-02 03:55:00+00:00,66826.21875,66883.890625,66826.21875,66883.890625,83316736
2026-03-02 04:00:00+00:00,66815.78125,66820.390625,66785.0234375,66820.390625,0
2026-03-02 04:05:00+00:00,66746.7421875,66791.3671875,66741.359375,66791.3671875,0
2026-03-02 04:10:00+00:00,66749.7109375,66749.7109375,66697.8125,66731.4140625,23638016
2026-03-02 04:15:00+00:00,66813.0703125,66813.0703125,66722.640625,66723.1875,0
2026-03-02 04:20:00+00:00,66761.046875,66809.7578125,66731.5859375,66731.5859375,0
2026-03-02 04:25:00+00:00,66911.4453125,66916.015625,66792.8046875,66792.8046875,0
2026-03-02 04:30:00+00:00,66874.640625,66962.8359375,66874.640625,66942.625,0
2026-03-02 04:35:00+00:00,66864.7734375,66922.8046875,66784.078125,66922.8046875,65036288
2026-03-02 04:40:00+00:00,66811.078125,66863.6484375,66811.078125,66847.09375,10637312
2026-03-02 04:45:00+00:00,66657.203125,66822.125,66657.203125,66822.125,34131968
2026-03-02 04:50:00+00:00,66740.515625,66740.515625,66661.8984375,66671.734375,45006848
2026-03-02 04:55:00+00:00,66791.6953125,66791.6953125,66754.3984375,66758.3828125,37400576
2026-03-02 05:00:00+00:00,66772.5234375,66841.4296875,66772.5234375,66841.4296875,25239552
2026-03-02 05:05:00+00:00,66648.140625,66707.4140625,66609.2578125,66707.4140625,222814208
2026-03-02 05:10:00+00:00,66715.6015625,66717.0546875,66655.359375,66655.359375,52387840
2026-03-02 05:15:00+00:00,66775.1328125,66807.0859375,66718.0,66718.0,5115904
2026-03-02 05:20:00+00:00,66757.859375,66771.1171875,66748.59375,66767.859375,19464192
2026-03-02 05:25:00+00:00,66694.46875,66713.6953125,66633.796875,66633.796875,25522176
2026-03-02 05:30:00+00:00,66734.4453125,66735.3203125,66676.7421875,66676.7421875,23502848
2026-03-02 05:35:00+00:00,66796.9921875,66796.9921875,66755.34375,66758.7734375,2052096
2026-03-02 05:40:00+00:00,66855.03125,66855.03125,66768.8203125,66771.7578125,51912704
2026-03-02 05:45:00+00:00,66877.515625,66972.796875,66877.515625,66972.796875,177917952
2026-03-02 05:50:00+00:00,66871.765625,66898.859375,66867.328125,66898.859375,0
2026-03-02 05:55:00+00:00,66789.375,66859.109375,66779.3671875,66859.109375,0
2026-03-02 06:00:00+00:00,66540.1796875,66712.28125,66540.1796875,66712.28125,0
2026-03-02 06:05:00+00:00,66578.4765625,66604.2109375,66578.4765625,66590.515625,96038912
2026-03-02 06:10:00+00:00,66602.890625,66604.109375,66575.90625,66604.109375,0
2026-03-02 06:15:00+00:00,66331.3984375,66607.28125,66331.3984375,66607.28125,0
2026-03-02 06:20:00+00:00,66145.0625,66271.28125,66145.0625,66271.28125,41644032
2026-03-02 06:25:00+00:00,66220.5234375,66220.5234375,66149.1640625,66149.1640625,74842112
2026-03-02 06:30:00+00:00,66270.0703125,66286.6171875,66270.0703125,66285.1796875,25485312
2026-03-02 06:35:00+00:00,66260.4296875,66312.6484375,66204.4921875,66312.6484375,140013568
2026-03-02 06:40:00+00:00,66277.2734375,66277.2734375,66218.203125,66246.6328125,0
2026-03-02 06:45:00+00:00,66127.1640625,66266.3125,66127.1640625,66266.3125,112082944
2026-03-02 06:50:00+00:00,66142.578125,66176.828125,66103.8046875,66163.328125,0
2026-03-02 06:55:00+00:00,66230.34375,66233.9296875,66197.3828125,66197.3828125,84701184
2026-03-02 07:00:00+00:00,66137.75,66211.453125,66130.390625,66211.453125,0
2026-03-02 07:05:00+00:00,65837.109375,66017.6484375,65837.109375,66017.6484375,0
2026-03-02 07:10:00+00:00,65756.171875,65774.9921875,65711.734375,65711.734375,0
2026-03-02 07:15:00+00:00,65588.6171875,65712.53125,65588.6171875,65698.0,183906304
2026-03-02 07:20:00+00:00,65733.2421875,65733.2421875,65567.609375,65567.609375,808243200
2026-03-02 07:25:00+00:00,65798.6953125,65801.6640625,65747.9921875,65747.9921875,147087360
2026-03-02 07:30:00+00:00,65834.734375,65839.9609375,65784.4140625,65820.0546875,278323200
2026-03-02 07:35:00+00:00,65899.8125,65936.890625,65813.3046875,65813.3046875,0
2026-03-02 07:40:00+00:00,65945.7109375,65966.1015625,65940.2734375,65966.1015625,10506240
2026-03-02 07:45:00+00:00,65981.0,65981.0,65927.09375,65964.390625,48062464
2026-03-02 07:50:00+00:00,65965.640625,65971.171875,65949.90625,65949.90625,0
2026-03-02 07:55:00+00:00,65960.0234375,65982.9609375,65954.5703125,65954.5703125,0
2026-03-02 08:00:00+00:00,65904.359375,65977.1953125,65838.421875,65977.1953125,32395264
2026-03-02 08:05:00+00:00,65923.0546875,65924.2578125,65871.8671875,65876.8046875,62332928
2026-03-02 08:10:00+00:00,65875.03125,65901.2890625,65751.8359375,65901.2890625,0
2026-03-02 08:15:00+00:00,65908.6484375,66053.1015625,65908.6484375,66053.1015625,61145088
2026-03-02 08:20:00+00:00,65732.15625,66001.546875,65732.15625,66001.546875,150396928
2026-03-02 08:25:00+00:00,65695.4375,65824.875,65695.4375,65772.1875,0
2026-03-02 08:30:00+00:00,65827.4765625,65827.4765625,65713.09375,65713.09375,69156864
2026-03-02 08:35:00+00:00,65855.703125,65855.703125,65803.5,65815.90625,156737536
2026-03-02 08:40:00+00:00,65997.4375,65997.4375,65933.1328125,65933.1328125,23363584
2026-03-02 08:45:00+00:00,65995.90625,66035.984375,65983.4140625,65983.4140625,0
2026-03-02 08:50:00+00:00,66218.0546875,66291.421875,66202.09375,66291.421875,0
2026-03-02 08:55:00+00:00,66252.703125,66252.703125,66217.3828125,66218.6484375,0
2026-03-02 09:00:00+00:00,66254.8828125,66350.109375,66254.8828125,66274.4453125,21110784
2026-03-02 09:05:00+00:00,66254.4453125,66254.4453125,66218.4609375,66244.40625,0
2026-03-02 09:10:00+00:00,66417.640625,66440.0390625,66417.640625,66425.9921875,0
2026-03-02 09:15:00+00:00,66577.0703125,66577.0703125,66399.9765625,66399.9765625,31641600
2026-03-02 09:20:00+00:00,66473.4609375,66560.40625,66473.4609375,66560.40625,0
2026-03-02 09:25:00+00:00,66452.25,66535.078125,66432.5625,66535.078125,0
2026-03-02 09:30:00+00:00,66501.4453125,66506.875,66423.796875,66425.1171875,1086603264
2026-03-02 09:35:00+00:00,66479.3125,66491.7265625,66433.703125,66478.7734375,61644800
2026-03-02 09:40:00+00:00,66351.3125,66406.640625,66351.3125,66406.640625,0
2026-03-02 09:45:00+00:00,66350.0859375,66407.2109375,66337.2109375,66407.2109375,301989888
2026-03-02 09:50:00+00:00,66277.0625,66349.3828125,66277.0625,66349.3828125,177414144
2026-03-02 09:55:00+00:00,66237.2890625,66310.15625,66237.2890625,66308.265625,106176512
2026-03-02 10:00:00+00:00,66311.0,66340.4609375,66162.609375,66162.609375,0
2026-03-02 10:05:00+00:00,66301.171875,66336.515625,66297.265625,66297.265625,48033792
2026-03-02 10:10:00+00:00,66122.6484375,66311.25,66118.3671875,66311.25,47042560
2026-03-02 10:15:00+00:00,66168.2265625,66192.625,66138.125,66138.125,0
2026-03-02 10:20:00+00:00,66204.859375,66219.015625,66168.2265625,66168.2265625,782458880
2026-03-02 10:25:00+00:00,66224.5390625,66228.796875,66163.171875,66183.390625,0
2026-03-02 10:30:00+00:00,66272.2109375,66272.2109375,66246.34375,66259.5390625,393449472
2026-03-02 10:35:00+00:00,66217.953125,66275.3515625,66197.0625,66260.5703125,0
2026-03-02 10:40:00+00:00,66259.453125,66315.9296875,66259.453125,66313.6171875,0
2026-03-02 10:45:00+00:00,66252.9453125,66254.46875,66251.5546875,66254.46875,104726528
2026-03-02 10:50:00+00:00,66213.4140625,66247.828125,66213.4140625,66247.828125,26669056
2026-03-02 10:55:00+00:00,66262.90625,66262.90625,66187.2578125,66192.703125,3387392
2026-03-02 11:00:00+00:00,66249.953125,66301.546875,66249.953125,66301.546875,0
2026-03-02 11:05:00+00:00,66092.0859375,66253.6015625,66080.40625,66253.6015625,155111424
2026-03-02 11:10:00+00:00,66157.0859375,66157.0859375,66113.3359375,66113.3359375,0
2026-03-02 11:15:00+00:00,66069.5859375,66133.3203125,66063.90625,66119.1640625,282742784
2026-03-02 11:20:00+00:00,66064.4296875,66193.984375,66064.4296875,66124.296875,5382144
2026-03-02 11:25:00+00:00,66124.7421875,66159.796875,66124.7421875,66159.796875,261746688
2026-03-02 11:30:00+00:00,66128.5,66128.5,66077.4296875,66077.90625,155250688
2026-03-02 11:35:00+00:00,66187.75,66228.2265625,66091.609375,66091.609375,0
2026-03-02 11:40:00+00:00,66324.6171875,66324.6171875,66220.15625,66220.15625,379785216
2026-03-02 11:45:00+00:00,66360.1953125,66439.4375,66336.703125,66336.703125,680615936
2026-03-02 11:50:00+00:00,66337.453125,66363.828125,66337.453125,66356.3984375,192966656
2026-03-02 11:55:00+00:00,66305.390625,66320.0703125,66271.9765625,66271.9765625,84094976
2026-03-02 12:00:00+00:00,66268.8515625,66356.5234375,66268.8515625,66339.2109375,0
2026-03-02 12:05:00+00:00,66355.515625,66388.640625,66344.1640625,66388.640625,0
2026-03-02 12:10:00+00:00,66321.4609375,66364.5703125,66321.4609375,66349.609375,0
2026-03-02 12:15:00+00:00,66262.6171875,66322.796875,66262.6171875,66322.796875,8196096
2026-03-02 12:20:00+00:00,66122.140625,66243.203125,66122.140625,66243.203125,51646464
2026-03-02 12:25:00+00:00,66135.09375,66135.09375,66129.6875,66129.8046875,143360
2026-03-02 12:30:00+00:00,66102.296875,66133.5078125,66102.296875,66133.5078125,166113280
2026-03-02 12:35:00+00:00,66021.046875,66064.15625,66021.046875,66064.15625,0
2026-03-02 12:40:00+00:00,65997.1484375,66048.15625,65986.578125,66037.2109375,56901632
2026-03-02 12:45:00+00:00,65966.15625,65986.0,65939.7109375,65986.0,0
2026-03-02 12:50:00+00:00,66021.625,66041.9140625,65992.234375,65992.234375,319692800
2026-03-02 12:55:00+00:00,65961.5625,66003.2734375,65928.59375,66003.2734375,91119616
2026-03-02 13:00:00+00:00,65931.9765625,65963.7421875,65931.9765625,65962.65625,63565824
2026-03-02 13:05:00+00:00,65845.6640625,65972.90625,65845.6640625,65882.84375,101412864
2026-03-02 13:10:00+00:00,65883.9375,65953.3046875,65872.3515625,65953.3046875,0
2026-03-02 13:15:00+00:00,65964.671875,65976.0390625,65832.4453125,65832.4453125,105877504
2026-03-02 13:20:00+00:00,66032.2265625,66037.7265625,65957.484375,65957.484375,0
2026-03-02 13:25:00+00:00,65821.25,66103.5,65821.25,66035.4140625,898707456
2026-03-02 13:30:00+00:00,65815.8359375,65903.7578125,65763.5,65799.125,160366592
2026-03-02 13:35:00+00:00,65822.5390625,65877.5234375,65822.5390625,65841.25,0
2026-03-02 13:40:00+00:00,65558.1953125,65790.8984375,65550.5703125,65790.8984375,90083328
2026-03-02 13:45:00+00:00,65528.29296875,65575.9453125,65503.296875,65569.7578125,254795776
2026-03-02 13:50:00+00:00,65370.5,65433.21484375,65370.5,65433.21484375,657174528
2026-03-02 13:55:00+00:00,65444.7578125,65444.7578125,65390.1875,65395.0859375,0
2026-03-02 14:00:00+00:00,65309.109375,65452.21875,65309.109375,65452.21875,0
2026-03-02 14:05:00+00:00,65520.22265625,65520.22265625,65370.76953125,65370.76953125,23986176
2026-03-02 14:10:00+00:00,65568.046875,65568.046875,65505.5859375,65525.48046875,83804160
2026-03-02 14:15:00+00:00,65555.5625,65601.7109375,65555.5625,65601.7109375,0
2026-03-02 14:20:00+00:00,65412.328125,65507.95703125,65412.328125,65495.01171875,26603520
2026-03-02 14:25:00+00:00,65626.3828125,65626.3828125,65426.25390625,65443.328125,0
2026-03-02 14:30:00+00:00,66098.7421875,66098.7421875,65586.046875,65586.046875,49680384
2026-03-02 14:35:00+00:00,66243.40625,66265.71875,66136.8828125,66265.71875,523153408
2026-03-02 14:40:00+00:00,66500.1796875,66500.1796875,66281.921875,66281.921875,546938880
2026-03-02 14:45:00+00:00,66818.4375,66818.4375,66531.9140625,66624.1953125,222203904
2026-03-02 14:50:00+00:00,66959.59375,67189.2890625,66959.59375,67013.4765625,403972096
2026-03-02 14:55:00+00:00,67064.1328125,67064.1328125,66907.5703125,66985.296875,626708480
2026-03-02 15:00:00+00:00,67265.0390625,67337.28125,67076.1953125,67106.796875,629633024
2026-03-02 15:05:00+00:00,67772.609375,67772.609375,67223.40625,67223.40625,193593344
2026-03-02 15:10:00+00:00,68321.84375,68321.84375,67895.1484375,67895.1484375,665563136
2026-03-02 15:15:00+00:00,68453.0546875,68580.4921875,68364.9375,68364.9375,797429760
2026-03-02 15:20:00+00:00,68689.140625,68727.9921875,68601.75,68727.9921875,313810944
2026-03-02 15:25:00+00:00,68576.1015625,68677.5625,68576.1015625,68656.3359375,682020864
2026-03-02 15:30:00+00:00,68600.265625,68660.6484375,68479.390625,68508.5546875,248229888
2026-03-02 15:35:00+00:00,69355.6875,69355.6875,68878.375,68878.375,582033408
2026-03-02 15:40:00+00:00,69516.6953125,69516.6953125,69263.7578125,69450.703125,621383680
2026-03-02 15:45:00+00:00,69394.6875,69532.4140625,69394.6875,69532.4140625,594771968
2026-03-02 15:50:00+00:00,68971.7265625,69321.8046875,68971.7265625,69303.3671875,500588544
2026-03-02 15:55:00+00:00,69062.390625,69062.390625,68960.5234375,68960.5234375,170151936
2026-03-02 16:00:00+00:00,69166.7734375,69185.3125,69022.0234375,69127.8203125,775405568
2026-03-02 16:05:00+00:00,69557.421875,69557.421875,69286.9921875,69286.9921875,3731456
2026-03-02 16:10:00+00:00,69625.5546875,69761.90625,69625.5546875,69761.90625,224256000
2026-03-02 16:15:00+00:00,69614.390625,69642.9765625,69540.4453125,69642.9765625,895021056
2026-03-02 16:20:00+00:00,69639.9921875,69639.9921875,69442.625,69442.625,0
2026-03-02 16:25:00+00:00,69382.6953125,69595.40625,69382.6953125,69595.40625,458309632
2026-03-02 16:30:00+00:00,69328.0625,69475.8984375,69328.0625,69374.4296875,721813504
2026-03-02 16:35:00+00:00,69109.484375,69311.359375,69109.484375,69305.328125,107200512
2026-03-02 16:40:00+00:00,69655.90625,69655.90625,69257.609375,69257.609375,0
2026-03-02 16:45:00+00:00,69862.25,70024.0625,69862.25,69882.3359375,1667665920
2026-03-02 16:50:00+00:00,69708.9921875,69836.2421875,69708.9921875,69836.2421875,0
2026-03-02 16:55:00+00:00,69511.75,69665.875,69511.75,69665.875,25702400
2026-03-02 17:00:00+00:00,69461.796875,69461.796875,69406.5,69455.71875,77250560
2026-03-02 17:05:00+00:00,69331.1015625,69491.5625,69331.1015625,69475.3125,55066624
2026-03-02 17:10:00+00:00,69417.3828125,69445.671875,69339.015625,69339.015625,0
2026-03-02 17:15:00+00:00,69219.703125,69491.8828125,69219.703125,69449.703125,191733760
2026-03-02 17:20:00+00:00,69447.1953125,69456.90625,69307.09375,69307.09375,233390080
2026-03-02 17:25:00+00:00,69371.46875,69428.765625,69346.296875,69428.765625,0
2026-03-02 17:30:00+00:00,69321.1328125,69431.8203125,69321.1328125,69415.0390625,128864256
2026-03-02 17:35:00+00:00,69157.828125,69423.7265625,69157.828125,69318.53125,62058496
2026-03-02 17:40:00+00:00,68874.625,69200.3984375,68874.625,69128.8359375,0
2026-03-02 17:45:00+00:00,68945.09375,69004.4609375,68857.4453125,68857.4453125,273076224
2026-03-02 17:50:00+00:00,69071.0234375,69072.46875,68951.2265625,68981.7890625,74395648
2026-03-02 17:55:00+00:00,69117.0234375,69190.3984375,69078.3203125,69190.3984375,225230848
2026-03-02 18:00:00+00:00,68829.765625,69182.984375,68829.765625,69182.984375,0
2026-03-02 18:05:00+00:00,69026.0,69066.984375,68906.890625,68906.890625,193212416
2026-03-02 18:10:00+00:00,69094.3046875,69094.3046875,68988.75,69024.3984375,0
2026-03-02 18:15:00+00:00,69055.0234375,69175.2265625,69055.0234375,69175.2265625,68526080
2026-03-02 18:20:00+00:00,69022.5078125,69058.859375,69022.5078125,69029.6875,192626688
2026-03-02 18:25:00+00:00,69171.328125,69176.125,69069.546875,69069.546875,53452800
2026-03-02 18:30:00+00:00,69227.859375,69227.859375,69072.6484375,69100.9765625,0
2026-03-02 18:35:00+00:00,69085.828125,69192.40625,69085.828125,69151.953125,38780928
2026-03-02 18:40:00+00:00,69105.53125,69105.53125,68986.6796875,69054.21875,0
2026-03-02 18:45:00+00:00,69140.4921875,69151.6328125,69090.3359375,69090.3359375,136716288
2026-03-02 18:50:00+00:00,68991.9609375,69135.015625,68991.9609375,69135.015625,346886144
2026-03-02 18:55:00+00:00,68984.875,69057.8203125,68984.875,69057.8203125,59494400
2026-03-02 19:00:00+00:00,68809.9453125,68919.84375,68809.9453125,68891.8046875,76836864
2026-03-02 19:05:00+00:00,68746.9296875,68870.2734375,68741.65625,68870.2734375,207065088
2026-03-02 19:10:00+00:00,68711.53125,68769.453125,68620.5,68769.453125,103796736
2026-03-02 19:15:00+00:00,68827.625,68894.0546875,68751.0,68751.0,0
2026-03-02 19:20:00+00:00,68947.7421875,68947.7421875,68849.765625,68880.15625,81784832
2026-03-02 19:25:00+00:00,68829.1328125,68893.3671875,68829.1328125,68893.3671875,329920512
2026-03-02 19:30:00+00:00,68928.28125,68928.28125,68785.90625,68834.5546875,99827712
2026-03-02 19:35:00+00:00,68980.703125,69030.9140625,68917.2421875,68917.2421875,48226304
2026-03-02 19:40:00+00:00,68852.1484375,68942.2578125,68846.7109375,68942.2578125,97337344
2026-03-02 19:45:00+00:00,68897.796875,68897.796875,68787.125,68801.953125,0
2026-03-02 19:50:00+00:00,68921.5078125,68977.3203125,68893.546875,68917.9296875,97734656
2026-03-02 19:55:00+00:00,68949.6328125,68964.328125,68929.859375,68964.328125,65925120
2026-03-02 20:00:00+00:00,69186.7734375,69186.7734375,68953.2734375,68963.578125,0
2026-03-02 20:05:00+00:00,68878.578125,69162.6171875,68878.578125,69162.6171875,135258112
2026-03-02 20:10:00+00:00,68711.7265625,68882.8515625,68676.7734375,68882.8515625,0
2026-03-02 20:15:00+00:00,68946.765625,68946.765625,68741.4453125,68741.4453125,254533632
2026-03-02 20:20:00+00:00,68928.3046875,68928.3046875,68867.8359375,68899.9609375,25202688
2026-03-02 20:25:00+00:00,69047.515625,69047.515625,68940.265625,68996.2734375,0
2026-03-02 20:30:00+00:00,69086.0390625,69086.0390625,69003.0703125,69009.609375,0
2026-03-02 20:35:00+00:00,69164.5078125,69164.5078125,69096.0,69125.2109375,34340864
2026-03-02 20:40:00+00:00,69200.53125,69200.53125,69082.328125,69116.515625,190468096
2026-03-02 20:45:00+00:00,69361.53125,69411.953125,69232.8828125,69232.8828125,0
2026-03-02 20:50:00+00:00,69382.390625,69450.2265625,69382.390625,69404.4453125,79163392
2026-03-02 20:55:00+00:00,69291.546875,69365.265625,69291.546875,69365.265625,123482112
2026-03-02 21:00:00+00:00,69086.7890625,69171.9765625,69052.0859375,69171.9765625,40271872
2026-03-02 21:05:00+00:00,69231.78125,69233.8125,69071.9765625,69071.9765625,20729856
2026-03-02 21:10:00+00:00,69189.3671875,69214.390625,69139.6015625,69214.390625,146206720
2026-03-02 21:15:00+00:00,69274.546875,69304.671875,69258.7578125,69304.671875,0
2026-03-02 21:20:00+00:00,69349.9609375,69349.9609375,69218.3515625,69248.015625,136548352
2026-03-02 21:25:00+00:00,69358.65625,69402.0546875,69343.1953125,69402.0546875,0
2026-03-02 21:30:00+00:00,69430.125,69433.5390625,69388.4375,69433.5390625,0
2026-03-02 21:35:00+00:00,69414.328125,69442.96875,69404.7265625,69442.96875,0
2026-03-02 21:40:00+00:00,69440.0625,69452.671875,69438.8359375,69438.8359375,10588160
2026-03-02 21:45:00+00:00,69478.0078125,69525.984375,69460.2734375,69460.2734375,0
2026-03-02 21:50:00+00:00,69472.1640625,69499.78125,69445.8203125,69479.1015625,8359936
2026-03-02 21:55:00+00:00,69425.90625,69503.0,69415.15625,69503.0,23240704
2026-03-02 22:00:00+00:00,69497.6640625,69497.6640625,69429.8828125,69429.8828125,0
2026-03-02 22:05:00+00:00,69473.6796875,69473.6796875,69359.109375,69359.109375,1169637376
2026-03-02 22:10:00+00:00,69333.8671875,69476.6640625,69333.8671875,69464.515625,0
2026-03-02 22:15:00+00:00,69268.078125,69268.078125,69187.3359375,69262.953125,0
2026-03-02 22:20:00+00:00,69278.0625,69300.796875,69213.75,69213.75,0
2026-03-02 22:25:00+00:00,69372.3046875,69372.3046875,69300.96875,69300.96875,0
2026-03-02 22:30:00+00:00,69331.9453125,69409.75,69331.9453125,69375.921875,424382464
2026-03-02 22:35:00+00:00,69337.828125,69364.234375,69322.2890625,69322.2890625,0
2026-03-02 22:40:00+00:00,69368.96875,69381.09375,69355.1953125,69381.09375,0
2026-03-02 22:45:00+00:00,69326.234375,69426.0078125,69326.234375,69383.90625,146432000
2026-03-02 22:50:00+00:00,69287.0390625,69343.1953125,69287.0390625,69343.1953125,13094912
2026-03-02 22:55:00+00:00,69370.515625,69370.515625,69320.4453125,69343.515625,70356992
2026-03-02 23:00:00+00:00,69291.1796875,69449.265625,69291.1796875,69395.6796875,0
2026-03-02 23:05:00+00:00,69347.296875,69352.7265625,69314.125,69352.7265625,0
2026-03-02 23:10:00+00:00,69279.4765625,69332.7265625,69279.4765625,69325.2890625,0
2026-03-02 23:15:00+00:00,69222.34375,69258.09375,69187.9921875,69234.2109375,0
2026-03-02 23:20:00+00:00,69040.71875,69237.5234375,69040.71875,69232.8046875,0
2026-03-02 23:25:00+00:00,69030.8984375,69129.5703125,69030.8984375,69101.109375,69943296
2026-03-02 23:30:00+00:00,68872.5390625,69029.890625,68855.28125,69029.890625,0
2026-03-02 23:35:00+00:00,68875.875,68901.4609375,68827.8515625,68843.7734375,312745984
2026-03-02 23:40:00+00:00,68839.0859375,68849.96875,68816.0390625,68849.96875,0
2026-03-02 23:45:00+00:00,68929.2734375,68941.0546875,68789.625,68789.625,61370368
2026-03-02 23:50:00+00:00,68892.65625,68926.7421875,68892.65625,68926.7421875,217817088
2026-03-02 23:55:00+00:00,68793.3828125,68814.6796875,68793.3828125,68814.6796875,0
2026-03-03 00:00:00+00:00,68918.375,68918.375,68804.3515625,68804.5859375,0
2026-03-03 00:05:00+00:00,68909.171875,68960.203125,68909.171875,68936.1171875,0
2026-03-03 00:10:00+00:00,68812.5859375,68978.0546875,68812.5859375,68978.0546875,100139008
2026-03-03 00:15:00+00:00,68803.8046875,68865.4453125,68786.4140625,68800.3984375,0
2026-03-03 00:20:00+00:00,68720.2109375,68755.7109375,68708.09375,68739.671875,24186880
2026-03-03 00:25:00+00:00,68767.8671875,68767.8671875,68701.4375,68732.9921875,242991104
2026-03-03 00:30:00+00:00,68951.8359375,68951.8359375,68746.40625,68800.3125,44003328
2026-03-03 00:35:00+00:00,69099.5703125,69099.5703125,68951.6875,68951.6875,13537280
2026-03-03 00:40:00+00:00,69149.15625,69151.0859375,69108.1328125,69108.1328125,112427008
2026-03-03 00:45:00+00:00,68986.625,69137.015625,68986.625,69111.640625,0
2026-03-03 00:50:00+00:00,68997.3984375,69012.71875,68932.234375,68982.65625,0
2026-03-03 00:55:00+00:00,69013.921875,69013.921875,68931.1796875,68981.6640625,935219200
2026-03-03 01:00:00+00:00,69026.2265625,69103.2265625,68977.7421875,69103.2265625,0
2026-03-03 01:05:00+00:00,69090.1875,69118.96875,69044.515625,69118.96875,0
2026-03-03 01:10:00+00:00,69175.6640625,69220.9921875,69082.7265625,69082.7265625,156106752
2026-03-03 01:15:00+00:00,68904.140625,69158.9921875,68904.140625,69158.9921875,0
2026-03-03 01:20:00+00:00,69017.9765625,69017.9765625,68899.4921875,68953.234375,99700736
2026-03-03 01:25:00+00:00,68981.625,69015.546875,68981.625,69012.1328125,0
2026-03-03 01:30:00+00:00,68941.46875,68941.46875,68805.8046875,68915.1875,0
2026-03-03 01:35:00+00:00,68930.171875,68999.375,68913.9140625,68999.375,138694656
2026-03-03 01:40:00+00:00,68990.21875,68993.8671875,68900.1640625,68993.8671875,56131584
2026-03-03 01:45:00+00:00,68973.4296875,69020.0546875,68904.421875,69020.0546875,0
2026-03-03 01:50:00+00:00,68900.5234375,69023.5390625,68900.5234375,69023.5390625,0
2026-03-03 01:55:00+00:00,68807.1796875,68882.015625,68799.0078125,68882.015625,0
2026-03-03 02:00:00+00:00,68497.0546875,68753.421875,68497.0546875,68753.421875,38694912
2026-03-03 02:05:00+00:00,68619.3125,68619.3125,68538.578125,68562.2109375,1103773696
2026-03-03 02:10:00+00:00,68648.8515625,68648.8515625,68636.8828125,68636.8828125,0
2026-03-03 02:15:00+00:00,68522.625,68620.0625,68522.625,68617.8359375,193052672
2026-03-03 02:20:00+00:00,68314.796875,68530.546875,68266.515625,68530.546875,0
2026-03-03 02:25:00+00:00,68440.671875,68449.4453125,68374.421875,68374.421875,137998336
2026-03-03 02:30:00+00:00,68449.59375,68500.796875,68432.1640625,68432.1640625,346718208
2026-03-03 02:35:00+00:00,68420.03125,68500.3671875,68410.890625,68500.3671875,0
2026-03-03 02:40:00+00:00,68436.625,68437.2265625,68377.1953125,68399.265625,0
2026-03-03 02:45:00+00:00,68592.265625,68592.265625,68448.6875,68448.6875,50225152
2026-03-03 02:50:00+00:00,68477.3125,68583.5546875,68477.3125,68583.5546875,13656064
2026-03-03 02:55:00+00:00,68532.8984375,68532.8984375,68465.015625,68465.015625,79278080
2026-03-03 03:00:00+00:00,68438.25,68524.828125,68438.25,68524.828125,184029184
2026-03-03 03:05:00+00:00,68336.15625,68411.6015625,68336.15625,68395.015625,0
2026-03-03 03:10:00+00:00,68445.34375,68445.34375,68351.8203125,68361.3515625,0
2026-03-03 03:15:00+00:00,68309.3125,68457.9921875,68309.3125,68452.8984375,202145792
2026-03-03 03:20:00+00:00,68272.78125,68315.46875,68250.2578125,68315.46875,0
2026-03-03 03:25:00+00:00,68389.5625,68389.5625,68314.1171875,68314.1171875,60817408
2026-03-03 03:30:00+00:00,68484.265625,68484.265625,68344.9140625,68405.84375,18812928
2026-03-03 03:35:00+00:00,68476.84375,68476.84375,68456.3671875,68462.1328125,0
2026-03-03 03:40:00+00:00,68411.9453125,68464.2421875,68369.9453125,68464.2421875,0
2026-03-03 03:45:00+00:00,68343.4296875,68407.5234375,68337.7421875,68407.5234375,7254016
2026-03-03 03:50:00+00:00,68356.734375,68356.734375,68340.2421875,68344.6328125,0
2026-03-03 03:55:00+00:00,68360.0859375,68360.0859375,68319.546875,68320.0234375,184848384
2026-03-03 04:00:00+00:00,68384.6328125,68426.8203125,68364.46875,68364.46875,0
2026-03-03 04:05:00+00:00,68385.1875,68429.125,68385.1875,68416.4609375,0
2026-03-03 04:10:00+00:00,68426.8125,68426.8125,68328.328125,68328.328125,0
2026-03-03 04:15:00+00:00,68333.7109375,68360.5,68288.125,68356.6953125,204943360
2026-03-03 04:20:00+00:00,68356.40625,68368.5546875,68351.9375,68351.9375,18149376
2026-03-03 04:25:00+00:00,68315.578125,68352.2265625,68315.578125,68352.2265625,0
2026-03-03 04:30:00+00:00,68368.5859375,68368.5859375,68309.6328125,68309.6328125,0
2026-03-03 04:35:00+00:00,68262.3671875,68367.9921875,68262.3671875,68350.984375,0
2026-03-03 04:40:00+00:00,68183.7421875,68197.15625,68183.7421875,68197.15625,0
2026-03-03 04:45:00+00:00,68103.3671875,68185.7421875,68103.3671875,68183.9609375,0
2026-03-03 04:50:00+00:00,68130.453125,68130.453125,68053.5078125,68084.6015625,76677120
2026-03-03 04:55:00+00:00,68106.1875,68123.2734375,68106.1875,68123.2734375,228007936
2026-03-03 05:00:00+00:00,68155.953125,68155.953125,68096.703125,68111.9296875,0
2026-03-03 05:05:00+00:00,68277.0625,68277.0625,68136.5625,68154.1953125,0
2026-03-03 05:10:00+00:00,68261.7421875,68304.5,68260.1640625,68304.5,12201984
2026-03-03 05:15:00+00:00,68441.2890625,68464.3046875,68364.046875,68364.046875,0
2026-03-03 05:20:00+00:00,68328.78125,68525.1953125,68328.78125,68525.1953125,79634432
2026-03-03 05:25:00+00:00,68416.9921875,68431.2421875,68392.984375,68392.984375,0
2026-03-03 05:30:00+00:00,68306.5703125,68403.96875,68290.9140625,68403.96875,317767680
2026-03-03 05:35:00+00:00,68098.6875,68217.90625,68098.6875,68217.90625,34881536
2026-03-03 05:40:00+00:00,68122.9921875,68122.9921875,68118.7265625,68118.7265625,0
2026-03-03 05:45:00+00:00,67914.3984375,68096.546875,67914.3984375,68088.9921875,0
2026-03-03 05:50:00+00:00,67944.1875,67944.1875,67868.5234375,67873.2734375,0
2026-03-03 05:55:00+00:00,67875.953125,67920.421875,67864.109375,67920.421875,343093248
2026-03-03 06:00:00+00:00,67935.5703125,67992.65625,67935.5703125,67938.8359375,0
2026-03-03 06:05:00+00:00,67877.8984375,67936.328125,67877.8984375,67933.5625,48599040
2026-03-03 06:10:00+00:00,67873.4296875,67934.703125,67854.296875,67934.703125,214446080
2026-03-03 06:15:00+00:00,67949.4296875,67949.4296875,67881.4296875,67943.5859375,503808
2026-03-03 06:20:00+00:00,67981.703125,67981.703125,67933.2109375,67938.1953125,0
2026-03-03 06:25:00+00:00,67933.390625,67945.1640625,67919.984375,67920.90625,0
2026-03-03 06:30:00+00:00,67906.0,67913.59375,67874.390625,67898.8046875,233725952
2026-03-03 06:35:00+00:00,67873.4765625,67945.0234375,67873.4765625,67899.2578125,27590656
2026-03-03 06:40:00+00:00,67955.8515625,67955.8515625,67915.515625,67944.5390625,31285248
2026-03-03 06:45:00+00:00,67875.1796875,67984.7890625,67875.1796875,67984.7890625,52760576
2026-03-03 06:50:00+00:00,67970.9765625,67970.9765625,67834.8125,67834.8125,0
2026-03-03 06:55:00+00:00,68093.921875,68093.921875,67998.8125,67998.8125,0
2026-03-03 07:00:00+00:00,67954.1875,68125.5,67954.1875,68125.5,0
2026-03-03 07:05:00+00:00,68020.5390625,68084.96875,68015.546875,68073.375,410677248
2026-03-03 07:10:00+00:00,68034.9609375,68040.515625,68003.578125,68025.03125,0
2026-03-03 07:15:00+00:00,68120.1640625,68211.015625,68120.1640625,68145.375,0
2026-03-03 07:20:00+00:00,68188.3046875,68188.3046875,68162.015625,68174.8125,0
2026-03-03 07:25:00+00:00,68208.9140625,68228.6640625,68185.71875,68228.6640625,145985536
2026-03-03 07:30:00+00:00,68151.8359375,68232.953125,68151.8359375,68232.953125,151429120
2026-03-03 07:35:00+00:00,68068.0,68123.828125,68068.0,68123.828125,0
2026-03-03 07:40:00+00:00,68172.453125,68172.453125,68088.2421875,68088.2421875,0
2026-03-03 07:45:00+00:00,68183.390625,68240.46875,68183.390625,68205.546875,73564160
2026-03-03 07:50:00+00:00,68157.3515625,68157.5546875,68157.3515625,68157.5546875,0
2026-03-03 07:55:00+00:00,68182.3203125,68197.34375,68182.3203125,68197.34375,388780032
2026-03-03 08:00:00+00:00,68179.8125,68186.15625,68162.9453125,68172.9140625,0
2026-03-03 08:05:00+00:00,68153.4609375,68173.421875,68144.6484375,68144.9296875,0
2026-03-03 08:10:00+00:00,68191.71875,68248.921875,68158.703125,68158.703125,10899456
2026-03-03 08:15:00+00:00,68062.078125,68062.078125,67982.125,67982.125,0
2026-03-03 08:20:00+00:00,67940.8671875,67940.8671875,67880.078125,67880.078125,0
2026-03-03 08:25:00+00:00,67798.5,67829.4296875,67768.03125,67768.03125,148549632
2026-03-03 08:30:00+00:00,67614.921875,67755.5625,67614.921875,67755.5625,242642944
2026-03-03 08:35:00+00:00,67557.328125,67727.59375,67557.328125,67618.265625,0
2026-03-03 08:40:00+00:00,67360.7734375,67517.203125,67360.7734375,67517.203125,135233536
2026-03-03 08:45:00+00:00,67262.3984375,67332.4609375,67220.2734375,67332.4609375,152997888
2026-03-03 08:50:00+00:00,67112.34375,67165.375,67095.3984375,67165.375,189222912
2026-03-03 08:55:00+00:00,66989.2109375,66989.2109375,66930.7265625,66988.15625,0
2026-03-03 09:00:00+00:00,67009.828125,67061.453125,66983.265625,66983.265625,424341504
2026-03-03 09:05:00+00:00,67055.171875,67055.171875,66992.1796875,66994.109375,134213632
2026-03-03 09:10:00+00:00,67067.1953125,67107.046875,67066.4296875,67107.046875,180568064
2026-03-03 09:15:00+00:00,67091.3203125,67101.90625,67061.6796875,67099.828125,158498816
2026-03-03 09:20:00+00:00,67017.6484375,67089.34375,67017.6484375,67089.34375,0
2026-03-03 09:25:00+00:00,66607.359375,66990.5625,66607.359375,66990.5625,0
2026-03-03 09:30:00+00:00,66596.6171875,66623.5703125,66401.0546875,66623.5703125,0
2026-03-03 09:35:00+00:00,66663.4140625,66663.4140625,66568.7890625,66617.4921875,524804096
2026-03-03 09:40:00+00:00,66544.4375,66587.859375,66542.1171875,66587.859375,26402816
2026-03-03 09:45:00+00:00,66473.5703125,66543.640625,66464.5390625,66543.640625,221184
2026-03-03 09:50:00+00:00,66528.1796875,66528.1796875,66409.625,66409.625,0
2026-03-03 09:55:00+00:00,66648.625,66648.625,66608.1484375,66608.1484375,0
2026-03-03 10:00:00+00:00,66542.3359375,66641.0,66538.703125,66641.0,322646016
2026-03-03 10:05:00+00:00,66529.734375,66630.4140625,66529.734375,66630.4140625,18235392
2026-03-03 10:10:00+00:00,66521.7578125,66521.7578125,66487.8984375,66506.234375,105488384
2026-03-03 10:15:00+00:00,66567.703125,66567.703125,66451.46875,66485.703125,0
2026-03-03 10:20:00+00:00,66671.6796875,66671.6796875,66531.890625,66531.890625,549191680
2026-03-03 10:25:00+00:00,66520.15625,66663.9296875,66520.15625,66663.9296875,73523200
2026-03-03 10:30:00+00:00,66534.421875,66534.421875,66502.6640625,66502.6640625,76451840
2026-03-03 10:35:00+00:00,66513.453125,66513.453125,66497.890625,66497.890625,59252736
2026-03-03 10:40:00+00:00,66640.9453125,66647.4453125,66491.9921875,66491.9921875,11243520
2026-03-03 10:45:00+00:00,66879.2890625,66879.2890625,66684.640625,66684.640625,0
2026-03-03 10:50:00+00:00,66800.796875,66866.6875,66799.6015625,66866.6875,153866240
2026-03-03 10:55:00+00:00,66712.203125,66748.7578125,66705.4296875,66748.7578125,5881856
2026-03-03 11:00:00+00:00,66978.8125,66978.8125,66826.53125,66834.5703125,97488896
2026-03-03 11:05:00+00:00,66865.546875,66976.1640625,66865.546875,66976.1640625,296939520
2026-03-03 11:10:00+00:00,66954.6171875,66997.8125,66947.5625,66947.5625,105185280
2026-03-03 11:15:00+00:00,66774.8125,66920.40625,66774.8125,66920.40625,4947968
2026-03-03 11:20:00+00:00,66940.1484375,66953.1796875,66774.7109375,66774.7109375,0
2026-03-03 11:25:00+00:00,66876.953125,66954.84375,66876.953125,66954.84375,0
2026-03-03 11:30:00+00:00,66865.9140625,66884.9765625,66842.0625,66842.0625,0
2026-03-03 11:35:00+00:00,67033.2421875,67033.2421875,66964.953125,66964.953125,0
2026-03-03 11:40:00+00:00,67029.75,67060.7890625,67029.75,67045.890625,392167424
2026-03-03 11:45:00+00:00,67145.9609375,67145.9609375,67067.671875,67067.671875,0
2026-03-03 11:50:00+00:00,67009.03125,67073.0390625,67009.03125,67073.0390625,5386240
2026-03-03 11:55:00+00:00,67054.8515625,67054.8515625,66964.3046875,66999.046875,159887360
2026-03-03 12:00:00+00:00,67179.5625,67179.5625,67075.09375,67075.09375,76972032
2026-03-03 12:05:00+00:00,67380.6015625,67380.765625,67221.03125,67221.03125,0
2026-03-03 12:10:00+00:00,67754.734375,67754.734375,67517.9921875,67517.9921875,327741440
2026-03-03 12:15:00+00:00,67593.1484375,67715.640625,67565.2265625,67715.640625,455421952
2026-03-03 12:20:00+00:00,67426.5,67489.2265625,67426.5,67489.2265625,186646528
2026-03-03 12:25:00+00:00,67548.5546875,67588.703125,67515.421875,67515.421875,135208960
2026-03-03 12:30:00+00:00,67428.578125,67575.34375,67428.578125,67575.34375,0
2026-03-03 12:35:00+00:00,67322.2890625,67421.9609375,67322.2890625,67421.9609375,55635968
2026-03-03 12:40:00+00:00,67338.046875,67401.2578125,67338.046875,67401.2578125,0
2026-03-03 12:45:00+00:00,67334.3203125,67357.265625,67334.3203125,67347.75,244428800
2026-03-03 12:50:00+00:00,67304.734375,67304.734375,67268.515625,67298.28125,0
2026-03-03 12:55:00+00:00,67396.375,67427.0390625,67396.375,67402.046875,0
2026-03-03 13:00:00+00:00,67239.703125,67390.3828125,67178.1875,67390.3828125,0
2026-03-03 13:05:00+00:00,67208.046875,67208.046875,67185.609375,67185.609375,23416832
2026-03-03 13:10:00+00:00,67049.8359375,67210.921875,67049.8359375,67190.96875,124145664
2026-03-03 13:15:00+00:00,67096.578125,67124.0546875,67096.578125,67110.6328125,0
2026-03-03 13:20:00+00:00,67128.8125,67146.8125,67123.7421875,67123.7421875,0
2026-03-03 13:25:00+00:00,67116.3671875,67118.84375,67047.703125,67085.4296875,0
2026-03-03 13:30:00+00:00,67051.59375,67054.0078125,66971.109375,67054.0078125,0
2026-03-03 13:35:00+00:00,66965.8671875,67027.359375,66965.8671875,67011.09375,64528384
2026-03-03 13:40:00+00:00,66889.8984375,66986.9140625,66889.8984375,66967.5,120627200
2026-03-03 13:45:00+00:00,66810.296875,66810.296875,66688.3203125,66701.734375,0
2026-03-03 13:50:00+00:00,66903.7265625,66903.7265625,66813.46875,66813.46875,0
2026-03-03 13:55:00+00:00,66931.0,66931.0,66834.6640625,66903.109375,0
2026-03-03 14:00:00+00:00,66958.3984375,66958.3984375,66893.0078125,66893.0078125,0
2026-03-03 14:05:00+00:00,67209.765625,67209.765625,67164.765625,67182.0078125,0
2026-03-03 14:10:00+00:00,67160.234375,67160.234375,67081.4921875,67109.6875,0
2026-03-03 14:15:00+00:00,67136.2578125,67145.0546875,67095.2265625,67145.0546875,169963520
2026-03-03 14:20:00+00:00,67316.59375,67316.59375,67126.25,67126.25,0
2026-03-03 14:25:00+00:00,67123.140625,67220.1015625,67123.140625,67220.1015625,50180096
2026-03-03 14:30:00+00:00,66830.734375,67264.328125,66830.734375,67112.859375,0
2026-03-03 14:35:00+00:00,67108.3515625,67108.3515625,66857.703125,66885.875,0
2026-03-03 14:40:00+00:00,66629.0234375,67001.796875,66629.0234375,67001.796875,0
2026-03-03 14:45:00+00:00,66509.53125,66592.53125,66462.140625,66462.140625,0
2026-03-03 14:50:00+00:00,66713.796875,66713.796875,66317.4453125,66317.4453125,110854144
2026-03-03 14:55:00+00:00,66571.3359375,66776.5390625,66571.3359375,66771.6640625,0
2026-03-03 15:00:00+00:00,66669.953125,66669.953125,66565.7734375,66565.7734375,0
2026-03-03 15:05:00+00:00,66628.359375,66737.5234375,66628.359375,66634.0546875,0
2026-03-03 15:10:00+00:00,66728.0390625,66728.0390625,66621.1953125,66716.59375,724467712
2026-03-03 15:15:00+00:00,66639.515625,66997.7421875,66639.515625,66840.484375,0
2026-03-03 15:20:00+00:00,66705.40625,66705.40625,66577.421875,66581.015625,0
2026-03-03 15:25:00+00:00,66820.46875,66820.46875,66720.0703125,66722.96875,0
2026-03-03 15:30:00+00:00,67218.4609375,67220.328125,66819.2265625,66819.2265625,0
2026-03-03 15:35:00+00:00,67386.8984375,67452.578125,67244.796875,67244.796875,0
2026-03-03 15:40:00+00:00,67660.1171875,67701.859375,67541.8125,67541.8125,0
2026-03-03 15:45:00+00:00,67742.8203125,67742.8203125,67510.6796875,67510.6796875,0
2026-03-03 15:50:00+00:00,67601.984375,67766.3203125,67601.984375,67766.3203125,59482112
2026-03-03 15:55:00+00:00,67582.1015625,67582.1015625,67520.875,67562.296875,0
2026-03-03 16:00:00+00:00,67703.359375,67826.421875,67703.359375,67747.265625,0
2026-03-03 16:05:00+00:00,68351.0625,68351.0625,67927.0859375,67927.0859375,0
2026-03-03 16:10:00+00:00,68356.90625,68549.4140625,68356.90625,68549.4140625,0
2026-03-03 16:15:00+00:00,68425.7890625,68425.7890625,68385.265625,68414.2109375,273092608
2026-03-03 16:20:00+00:00,68530.5390625,68530.5390625,68371.234375,68433.0390625,0
2026-03-03 16:25:00+00:00,68869.2890625,68938.3828125,68869.2890625,68932.6796875,28643328
2026-03-03 16:30:00+00:00,68313.078125,68833.71875,68313.078125,68833.71875,0
2026-03-03 16:35:00+00:00,67849.7890625,68387.9609375,67849.7890625,68387.9609375,0
2026-03-03 16:40:00+00:00,67617.75,67835.859375,67617.75,67804.109375,0
2026-03-03 16:45:00+00:00,68129.0859375,68185.390625,67712.2578125,67712.2578125,108421120
2026-03-03 16:50:00+00:00,68167.609375,68167.609375,68068.140625,68068.140625,0
2026-03-03 16:55:00+00:00,68285.9375,68444.4296875,68243.0859375,68243.0859375,0
2026-03-03 17:00:00+00:00,67929.859375,68121.453125,67929.859375,68121.453125,0
2026-03-03 17:05:00+00:00,68023.4765625,68077.0546875,67963.15625,67963.15625,44285952
2026-03-03 17:10:00+00:00,67760.21875,67930.640625,67760.21875,67930.640625,0
2026-03-03 17:15:00+00:00,68040.5859375,68040.5859375,67907.5546875,67923.6640625,267296768
2026-03-03 17:20:00+00:00,68253.0703125,68253.0703125,67957.515625,67957.515625,0
2026-03-03 17:25:00+00:00,68195.0234375,68252.8515625,68156.5703125,68227.8203125,48279552
2026-03-03 17:30:00+00:00,67829.4140625,68153.8046875,67829.4140625,68153.8046875,0
2026-03-03 17:35:00+00:00,67993.2578125,67993.2578125,67841.171875,67878.5703125,0
2026-03-03 17:40:00+00:00,68154.078125,68154.078125,68018.8828125,68018.8828125,0
2026-03-03 17:45:00+00:00,68229.65625,68229.65625,68049.640625,68157.5390625,755712000
2026-03-03 17:50:00+00:00,68326.9921875,68354.9296875,68267.7265625,68267.7265625,0
2026-03-03 17:55:00+00:00,68309.140625,68309.140625,68219.125,68261.15625,557039616
2026-03-03 18:00:00+00:00,68277.1640625,68428.9765625,68277.1640625,68316.7890625,0
2026-03-03 18:05:00+00:00,68296.3515625,68349.875,68268.828125,68268.828125,31363072
2026-03-03 18:10:00+00:00,68010.4296875,68259.1796875,68010.4296875,68259.1796875,0
2026-03-03 18:15:00+00:00,68330.203125,68392.671875,68100.84375,68100.84375,74833920
2026-03-03 18:20:00+00:00,68504.546875,68504.546875,68414.3984375,68414.3984375,0
2026-03-03 18:25:00+00:00,68566.4453125,68575.8828125,68491.0859375,68491.0859375,182329344
2026-03-03 18:30:00+00:00,68803.6328125,68803.6328125,68492.890625,68511.828125,40558592
2026-03-03 18:35:00+00:00,68802.9765625,68828.2734375,68709.1328125,68712.7734375,180834304
2026-03-03 18:40:00+00:00,68736.8125,68808.4140625,68736.8125,68749.234375,168976384
2026-03-03 18:45:00+00:00,68624.0546875,68680.65625,68618.390625,68680.65625,0
2026-03-03 18:50:00+00:00,68701.2578125,68751.8984375,68701.2578125,68706.9609375,0
2026-03-03 18:55:00+00:00,68679.78125,68715.8125,68587.640625,68715.8125,161230848
2026-03-03 19:00:00+00:00,68635.890625,68639.765625,68587.953125,68634.2734375,0
2026-03-03 19:05:00+00:00,68421.1875,68689.515625,68421.1875,68649.6953125,0
2026-03-03 19:10:00+00:00,68587.8359375,68587.8359375,68385.25,68390.65625,0
2026-03-03 19:15:00+00:00,68583.078125,68654.71875,68526.625,68654.71875,110546944
2026-03-03 19:20:00+00:00,68837.34375,68837.34375,68641.8984375,68641.8984375,0
2026-03-03 19:25:00+00:00,68655.859375,68887.421875,68655.859375,68827.3828125,235143168
2026-03-03 19:30:00+00:00,68535.0703125,68675.1953125,68535.0703125,68675.1953125,41885696
2026-03-03 19:35:00+00:00,68707.203125,68707.203125,68375.7734375,68481.0390625,0
2026-03-03 19:40:00+00:00,68645.015625,68737.4375,68635.0078125,68636.2734375,95576064
2026-03-03 19:45:00+00:00,68595.609375,68720.6015625,68595.609375,68703.3359375,256180224
2026-03-03 19:50:00+00:00,68498.3984375,68641.3125,68498.3984375,68568.71875,0
2026-03-03 19:55:00+00:00,68455.4296875,68521.1015625,68455.4296875,68521.1015625,0
2026-03-03 20:00:00+00:00,68467.3125,68487.5546875,68398.3515625,68455.8125,0
2026-03-03 20:05:00+00:00,68418.0703125,68479.6328125,68356.203125,68479.6328125,22917120
2026-03-03 20:10:00+00:00,68260.2734375,68363.0859375,68260.2734375,68363.0859375,0
2026-03-03 20:15:00+00:00,68241.2265625,68311.109375,68241.2265625,68251.0625,721252352
2026-03-03 20:20:00+00:00,68322.90625,68353.15625,68259.8125,68259.8125,280928256
2026-03-03 20:25:00+00:00,68409.546875,68410.3125,68325.9140625,68325.9140625,0
2026-03-03 20:30:00+00:00,68407.140625,68407.140625,68400.9609375,68400.9609375,14999552
2026-03-03 20:35:00+00:00,68434.03125,68514.34375,68402.96875,68402.96875,0
2026-03-03 20:40:00+00:00,68440.8125,68468.46875,68375.6875,68375.6875,977629184
2026-03-03 20:45:00+00:00,68352.1796875,68465.9609375,68350.3359375,68465.9609375,0
2026-03-03 20:50:00+00:00,68131.1171875,68420.8671875,68119.0859375,68420.8671875,0
2026-03-03 20:55:00+00:00,68213.5546875,68243.203125,68176.5234375,68226.4765625,0
2026-03-03 21:00:00+00:00,68016.640625,68225.578125,68016.640625,68225.578125,0
2026-03-03 21:05:00+00:00,68038.0,68045.265625,67924.5625,68038.5234375,0
2026-03-03 21:10:00+00:00,68043.4921875,68063.859375,68032.6171875,68032.6171875,334807040
2026-03-03 21:15:00+00:00,67967.4765625,68041.5546875,67957.25,68038.3671875,29171712
2026-03-03 21:20:00+00:00,68106.6640625,68106.6640625,68032.0703125,68064.1796875,0
2026-03-03 21:25:00+00:00,67930.375,68081.03125,67858.7109375,68081.03125,0
2026-03-03 21:30:00+00:00,67930.828125,67945.265625,67927.859375,67927.859375,0
2026-03-03 21:35:00+00:00,68041.6484375,68041.6484375,67912.859375,67912.859375,944541696
2026-03-03 21:40:00+00:00,68043.7109375,68043.7109375,67921.9375,67921.9375,0
2026-03-03 21:45:00+00:00,68034.296875,68034.296875,68003.5234375,68003.5234375,0
2026-03-03 21:50:00+00:00,68053.8828125,68053.8828125,68028.0234375,68028.0234375,25726976
2026-03-03 21:55:00+00:00,68064.7890625,68074.015625,68057.6015625,68070.1015625,1042821120
2026-03-03 22:00:00+00:00,68502.46875,68502.46875,68059.0234375,68059.0234375,0
2026-03-03 22:05:00+00:00,68438.53125,68464.109375,68286.96875,68338.125,299376640
2026-03-03 22:10:00+00:00,68327.5625,68394.203125,68327.5625,68394.203125,29364224
2026-03-03 22:15:00+00:00,68291.1171875,68316.625,68291.1171875,68316.625,0
2026-03-03 22:20:00+00:00,68370.9296875,68370.9296875,68224.2578125,68265.7578125,0
2026-03-03 22:25:00+00:00,68272.7578125,68323.7890625,68261.59375,68323.7890625,55058432
2026-03-03 22:30:00+00:00,68307.890625,68307.890625,68228.421875,68228.421875,23023616
2026-03-03 22:35:00+00:00,68368.296875,68368.296875,68291.8671875,68291.8671875,0
2026-03-03 22:40:00+00:00,68331.375,68331.375,68327.4765625,68327.4765625,0
2026-03-03 22:45:00+00:00,68275.15625,68384.25,68275.15625,68384.25,0
2026-03-03 22:50:00+00:00,68350.7109375,68357.40625,68326.1640625,68326.1640625,0
2026-03-03 22:55:00+00:00,68271.6015625,68370.015625,68271.6015625,68340.8125,0
2026-03-03 23:00:00+00:00,68308.546875,68319.0390625,68308.546875,68314.2421875,0
2026-03-03 23:05:00+00:00,68444.7265625,68444.7265625,68314.28125,68374.1015625,0
2026-03-03 23:10:00+00:00,68728.7890625,68728.7890625,68454.09375,68454.09375,0
2026-03-03 23:15:00+00:00,68529.3046875,68694.609375,68529.3046875,68694.609375,455823360
2026-03-03 23:20:00+00:00,68564.609375,68581.765625,68549.0859375,68563.8125,12808192
2026-03-03 23:25:00+00:00,68524.9921875,68533.40625,68519.9921875,68533.40625,0
2026-03-03 23:30:00+00:00,68574.75,68574.75,68511.2578125,68511.2578125,0
2026-03-03 23:35:00+00:00,68486.609375,68512.2578125,68471.7109375,68471.7109375,0
2026-03-03 23:40:00+00:00,68497.4140625,68519.8515625,68455.2421875,68455.2421875,0
2026-03-03 23:45:00+00:00,68448.0234375,68448.0234375,68446.5,68446.5,0
2026-03-03 23:50:00+00:00,68325.78125,68432.7109375,68325.78125,68432.7109375,0
2026-03-03 23:55:00+00:00,68300.28125,68310.125,68281.9375,68310.125,0
